B0: ,R88
B1: ,R92
B2: ,R51
B3: ,R60
B4: ,R13
B5: ,R50
B6: ,R10
B7: ,R52
B8: ,R98
B9: ,R78
B10: ,R80
B11: ,R91
B12: ,R34
B13: ,R8
B14: ,R54
B15: ,R12
B16: ,R79
B17: ,R33
B18: ,R7
B19: ,R61
B20: ,R25
B21: ,R40
B22: ,R3
B23: ,R85
B24: ,R86
B25: ,R49
B26: ,R5
B27: ,R43
B28: ,R65
B29: ,R44
B30: ,R26
B31: ,R18
B32: ,R0
B33: ,R23
B34: ,R90
B35: ,R70
B36: ,R75
B37: ,R14
B38: ,R15
B39: ,R35
B40: ,R64
B41: ,R16
B42: ,R32
B43: ,R68
B44: ,R22
B45: ,R77
B46: ,R28
B47: ,R58
B48: ,R38
B49: ,R63
B50: ,R41
B51: ,R55
B52: ,R72
B53: ,R19
B54: ,R29
B55: ,R1
B56: ,R66
B57: ,R81
B58: ,R56
B59: ,R9
B60: ,R30
B61: ,R36
B62: ,R89
B63: ,R73
B64: ,R76
B65: ,R57
B66: ,R47
B67: ,R74
B68: ,R94
B69: ,R39
B70: ,R11
B71: ,R83
B72: ,R45
B73: ,R27
B74: ,R42
B75: ,R99
B76: ,R46
B77: ,R95
B78: ,R84
B79: ,R62
B80: ,R48
B81: ,R82
B82: ,R53
B83: ,R24
B84: ,R4
B85: ,R17
B86: ,R87
B87: ,R59
B88: ,R93
B89: ,R96
B90: ,R2
B91: ,R97
B92: ,R67
B93: ,R31
B94: ,R37
B95: ,R21
B96: ,R6
B97: ,R69
B98: ,R71
B99: ,R20
